level,operation,mean_ms,sd_ms
L1,ML-KEM-512 keygen,1.5541,0.0368
L1,ML-KEM-512 encaps,2.2904,0.0588
L1,ML-KEM-512 decaps,3.218,0.0711
L1,ML-DSA-44 keygen,4.7453,0.0697
L1,ML-DSA-44 sign,32.1068,27.9496
L1,ML-DSA-44 verify,5.5679,0.0579
L3,ML-KEM-768 keygen,2.6612,0.0632
L3,ML-KEM-768 encaps,3.5384,0.0663
L3,ML-KEM-768 decaps,4.7397,0.0577
L3,ML-DSA-65 keygen,7.6736,0.0872
L3,ML-DSA-65 sign,54.3175,31.8648
L3,ML-DSA-65 verify,8.7072,0.0963
L5,ML-KEM-1024 keygen,3.993,0.0807
L5,ML-KEM-1024 encaps,5.0175,0.0815
L5,ML-KEM-1024 decaps,6.5507,0.0977
L5,ML-DSA-87 keygen,11.8871,0.1224
L5,ML-DSA-87 sign,56.8876,50.6746
L5,ML-DSA-87 verify,13.3417,0.1037
