suite,backend,mode,bytes,frames,crypto_mean_ms,crypto_p99_ms,airtime_ms,total_p99_ms,fits_100ms
CLASSIC,openssl,AEAD (session),135,1,0.0221,0.0488,0.344,0.393,True
CLASSIC,openssl,signed (broadcast),233,1,0.1233,0.1656,0.472,0.638,True
L1,pure+openssl,AEAD (session),135,1,0.022,0.0315,0.344,0.376,True
L1,pure+openssl,signed (broadcast),2583,2,0.6542,1.2753,3.776,5.051,True
L3,openssl,AEAD (session),135,1,0.0225,0.0537,0.344,0.398,True
L3,openssl,signed (broadcast),3472,3,1.142,3.9236,5.128,9.052,True
DECK,openssl,AEAD (session),135,1,0.0225,0.046,0.344,0.39,True
DECK,openssl,signed (broadcast),3472,3,1.1035,3.7178,5.128,8.846,True
L5,openssl,AEAD (session),135,1,0.0219,0.0608,0.344,0.405,True
L5,openssl,signed (broadcast),4790,4,1.3335,3.6268,7.048,10.675,True
L1,pure,AEAD (session),135,1,0.0281,0.0612,0.344,0.405,True
L1,pure,signed (broadcast),2583,2,35.4064,80.5322,3.776,84.308,True
L3,pure,AEAD (session),135,1,0.0219,0.0234,0.344,0.367,True
L3,pure,signed (broadcast),3472,3,50.1492,94.1897,5.128,99.318,True
DECK,pure,AEAD (session),135,1,0.0222,0.0422,0.344,0.386,True
DECK,pure,signed (broadcast),3472,3,58.1264,158.3684,5.128,163.496,False
L5,pure,AEAD (session),135,1,0.0267,0.039,0.344,0.383,True
L5,pure,signed (broadcast),4790,4,75.5711,140.9075,7.048,147.955,False
