nodes,mode,consensus_set,f,committed,msgs_per_req,kbytes_per_req,latency_p50_ms,latency_p95_ms,cpu_s,consistent,chain_valid,msgs_COMMIT,msgs_PRE-PREPARE,msgs_PREPARE,msgs_REPLY,msgs_REQUEST,msgs_RESPONSE,msgs_SHADOW-RESPONSE,msg_reduction_pct,byte_reduction_pct,latency_change_pct,cpu_reduction_pct,msgs_PBFT-COMMIT
8,ags,4,1,20,35.0,411.9,17.03,20.62,0.992,True,True,7.0,7.0,12.0,1.0,1.0,3.0,4.0,72.7,8.5,36.8,16.4,
8,ags-noshadow,4,1,20,27.0,263.5,15.3,17.07,0.619,True,True,7.0,3.0,12.0,1.0,1.0,3.0,,78.9,41.4,22.9,47.8,
8,pbft,8,2,20,128.0,450.0,12.45,14.24,1.186,True,True,,7.0,56.0,8.0,1.0,,,,,,,56.0
12,ags,4,1,20,47.0,764.3,18.36,21.33,1.593,True,True,11.0,11.0,12.0,1.0,1.0,3.0,8.0,83.7,23.3,41.7,28.8,
12,ags-noshadow,4,1,20,31.0,359.4,16.36,20.86,0.898,True,True,11.0,3.0,12.0,1.0,1.0,3.0,,89.2,63.9,26.2,59.8,
12,pbft,12,3,20,288.0,996.3,12.96,16.48,2.236,True,True,,11.0,132.0,12.0,1.0,,,,,,,132.0
16,ags,7,2,20,89.0,1325.4,22.61,27.26,2.793,True,True,15.0,15.0,42.0,1.0,1.0,6.0,9.0,82.6,24.5,47.5,22.0,
16,ags-noshadow,7,2,20,71.0,748.2,19.53,24.54,1.68,True,True,15.0,6.0,42.0,1.0,1.0,6.0,,86.1,57.4,27.4,53.1,
16,pbft,16,5,20,512.0,1755.8,15.33,18.32,3.581,True,True,,15.0,240.0,16.0,1.0,,,,,,,240.0
20,ags,10,3,20,149.0,2055.2,25.77,29.08,4.025,True,True,19.0,19.0,90.0,1.0,1.0,9.0,10.0,81.4,24.7,45.8,23.6,
20,ags-noshadow,10,3,20,129.0,1278.8,21.88,23.35,2.651,True,True,19.0,9.0,90.0,1.0,1.0,9.0,,83.9,53.1,23.8,49.7,
20,pbft,20,6,20,800.0,2728.3,17.67,18.62,5.27,True,True,,19.0,380.0,20.0,1.0,,,,,,,380.0
24,ags,10,3,20,161.0,2733.9,28.1,33.84,5.254,True,True,23.0,23.0,90.0,1.0,1.0,9.0,14.0,86.0,30.2,36.1,34.5,
24,ags-noshadow,10,3,20,133.0,1457.7,20.66,23.32,2.891,True,True,23.0,9.0,90.0,1.0,1.0,9.0,,88.5,62.8,0.1,63.9,
24,pbft,24,7,20,1152.0,3914.1,20.64,22.14,8.018,True,True,,23.0,552.0,24.0,1.0,,,,,,,552.0
