suite,backend,mean_ms,sd_ms,p50_ms,p95_ms,p99_ms,n,client_aead,client_kdf,client_kem_encaps,client_sign,client_verify_cert,client_verify_sig,server_aead,server_kdf,server_kem_decaps,server_kem_keygen,server_sign,server_verify_cert,server_verify_sig
CLASSIC,openssl,1.059,0.186,1.005,1.409,1.625,100,0.014,0.036,0.112,0.069,0.123,0.106,0.011,0.024,0.089,0.029,0.034,0.125,0.102
L1,pure+openssl,8.969,0.507,8.895,9.621,9.621,15,0.014,0.074,2.07,0.407,0.148,0.117,0.015,0.061,2.932,1.493,0.341,0.153,0.131
L3,openssl,3.145,0.794,3.01,4.541,4.949,100,0.012,0.07,0.05,0.303,0.218,0.174,0.011,0.066,0.036,0.122,2.186,0.2,0.189
DECK,openssl,3.854,1.162,3.498,6.095,6.806,100,0.018,0.086,0.084,0.486,0.24,0.218,0.025,0.09,0.058,0.176,0.879,0.198,0.888
L5,openssl,4.74,1.207,4.499,7.056,8.259,100,0.017,0.105,0.078,1.588,0.302,0.312,0.014,0.086,0.049,0.226,0.886,0.352,0.308
L1,pure,82.756,23.813,77.429,123.715,123.715,15,0.035,0.12,2.334,18.183,5.794,5.576,0.036,0.103,3.453,1.49,50.107,5.564,6.075
L3,pure,136.272,39.775,116.651,196.704,196.704,15,0.031,0.133,3.533,52.251,8.524,8.368,0.032,0.107,4.915,2.91,17.889,8.581,8.429
DECK,pure,141.911,42.95,132.197,197.681,197.681,15,0.048,0.129,5.289,37.171,10.137,8.299,0.028,0.106,6.278,4.421,24.322,9.158,8.489
L5,pure,175.159,42.519,166.093,251.23,251.23,15,0.033,0.452,4.765,48.835,12.934,12.391,0.029,0.121,6.386,3.837,50.326,15.206,13.403
