suite,backend,vehicles,rsus,area_km2,signed_beacons,consensus,edca,backoff,handshake_attempts,handshakes_ok,handshakes_failed,handshake_retx,handshake_success_pct,hs_mean_ms,hs_p50_ms,hs_p95_ms,beacon_tx,beacon_rx,beacon_pdr_pct,beacon_coverage_pct,beacon_p50_ms,beacon_p95_ms,beacon_p99_ms,beacon_within_100ms_pct,events_sent,events_no_session,alert_origin_pct,alert_p50_ms,alert_p95_ms,alert_others_p50_ms,commit_p50_ms,commit_p95_ms,links_lost,mean_session_s,airtime_pct,tx_mbytes,profile
CLASSIC,openssl,50,9,2.25,False,ags,True,True,78.0,78.0,0,2.0,100.0,13.238,7.036,32.282,12461.0,9689.0,77.755,99.688,0.386,0.74,0.923,100.0,57.0,0,73.684,5.444,7.028,5.413,11.472,13.322,5.0,10.521,22.11,2.962,profile_CLASSIC_auto
CLASSIC,openssl,100,9,2.25,False,ags,True,True,127.0,127.0,0,4.0,100.0,16.024,9.446,41.472,24976.0,19656.0,78.7,99.904,0.387,0.817,1.362,100.0,126.0,0,64.286,5.451,7.197,5.474,11.519,13.259,0,11.854,41.678,5.708,profile_CLASSIC_auto
CLASSIC,openssl,150,9,2.25,False,ags,True,True,213.0,213.0,0,18.0,100.0,19.924,11.185,41.933,37460.0,28662.0,76.514,99.893,0.389,1.1,1.664,100.0,177.0,0,69.492,5.644,9.122,5.525,11.214,13.593,0,10.79,61.724,8.421,profile_CLASSIC_auto
CLASSIC,openssl,200,9,2.25,False,ags,True,True,272.0,272.0,0,35.0,100.0,21.981,12.906,48.432,49947.0,36683.0,73.444,99.894,0.392,1.281,2.164,100.0,254.0,0,77.559,5.723,9.96,5.699,11.525,14.286,0,10.839,81.814,11.195,profile_CLASSIC_auto
L1,pure+openssl,50,9,2.25,False,ags,True,True,79.0,79.0,0,102.0,100.0,93.491,70.68,222.504,12419.0,9660.0,77.784,99.352,0.396,1.014,2.791,100.0,61.0,0,63.934,5.421,7.282,5.423,17.692,23.087,1.0,10.243,36.356,5.511,profile_L1_auto
L1,pure+openssl,100,9,2.25,False,ags,True,True,171.0,171.0,0,456.0,100.0,171.064,103.407,497.49,23951.0,18040.0,75.32,95.804,0.4,2.573,5.667,100.0,128.0,5.0,75.0,6.068,47.941,5.809,18.239,22.794,4.0,10.434,85.147,12.314,profile_L1_auto
L1,pure+openssl,150,9,2.25,False,ags,True,True,467.0,266.0,177.0,1709.0,56.959,500.961,408.253,1139.411,25291.0,16550.0,65.438,67.443,1.566,9.542,28.904,99.831,136.0,60.0,80.147,42.639,473.109,45.108,20.993,47.343,16.0,8.081,236.808,24.243,profile_L1_auto
L1,pure+openssl,200,9,2.25,False,ags,True,True,612.0,218.0,363.0,2733.0,35.621,758.981,832.574,1273.857,24598.0,16525.0,67.18,49.196,2.357,14.106,36.694,99.655,126.0,144.0,68.254,262.468,508.061,242.533,21.709,40.996,28.0,9.501,290.374,33.21,profile_L1_auto
L3,openssl,50,9,2.25,False,ags,True,True,79.0,77.0,1.0,136.0,97.468,128.954,94.635,309.586,12352.0,9476.0,76.716,98.816,0.388,1.406,3.704,100.0,55.0,1.0,69.091,5.635,17.492,5.592,20.262,35.489,2.0,10.394,44.911,6.59,profile_L3_auto
L3,openssl,100,9,2.25,False,ags,True,True,232.0,175.0,54.0,775.0,75.431,363.684,213.447,1010.528,21135.0,14744.0,69.761,84.54,0.405,5.829,18.719,99.898,102.0,18.0,72.549,8.143,387.009,8.26,21.601,35.814,4.0,9.476,147.596,17.148,profile_L3_auto
L3,openssl,150,9,2.25,False,ags,True,True,472.0,163.0,284.0,2068.0,34.534,737.916,828.365,1249.698,17278.0,11838.0,68.515,46.075,2.418,13.181,33.646,99.645,69.0,91.0,84.058,157.031,490.392,183.01,22.988,42.189,20.0,8.924,285.504,31.983,profile_L3_auto
L3,openssl,200,9,2.25,False,ags,True,True,577.0,145.0,407.0,2602.0,25.13,774.515,846.238,1297.551,18594.0,12874.0,69.237,37.188,2.68,15.406,31.203,99.666,116.0,162.0,72.414,256.671,500.165,312.179,23.18,57.116,16.0,10.664,305.903,39.797,profile_L3_auto
DECK,openssl,50,9,2.25,False,ags,True,True,102.0,101.0,0,163.0,99.02,145.425,113.26,345.942,12246.0,9080.0,74.147,97.968,0.389,2.035,4.242,100.0,60.0,1.0,68.333,5.467,18.442,5.515,21.639,26.994,3.0,8.451,52.814,7.772,profile_DECK_auto
DECK,openssl,100,9,2.25,False,ags,True,True,231.0,203.0,25.0,765.0,87.879,395.569,309.228,1041.366,22130.0,15122.0,68.333,88.52,0.464,5.396,13.713,99.921,113.0,14.0,72.566,7.574,276.361,8.373,22.264,31.293,0,8.996,155.417,17.738,profile_DECK_auto
DECK,openssl,150,9,2.25,False,ags,True,True,444.0,157.0,248.0,1946.0,35.36,725.545,811.532,1243.163,18615.0,12850.0,69.03,49.64,2.108,11.973,25.097,99.767,87.0,117.0,71.264,16.429,464.026,161.38,23.91,39.521,16.0,9.539,272.781,31.329,profile_DECK_auto
DECK,openssl,200,9,2.25,False,ags,True,True,590.0,172.0,396.0,2595.0,29.153,718.389,786.499,1261.193,18929.0,13251.0,70.004,37.858,2.518,15.88,38.332,99.721,88.0,179.0,69.318,114.095,504.438,226.762,25.382,68.337,12.0,9.7,304.757,40.892,profile_DECK_auto
L5,openssl,50,9,2.25,False,ags,True,True,111.0,99.0,8.0,294.0,89.189,272.021,187.618,755.908,11654.0,8742.0,75.013,93.232,0.392,2.728,6.966,100.0,59.0,2.0,71.186,6.029,14.569,5.842,24.773,28.879,0,8.982,79.848,10.521,profile_L5_auto
L5,openssl,100,9,2.25,False,ags,True,True,269.0,144.0,108.0,1083.0,53.532,486.201,386.741,1134.852,16948.0,11870.0,70.038,67.792,0.835,7.535,16.365,99.874,76.0,37.0,78.947,7.58,241.965,10.074,25.76,36.974,3.0,9.653,202.999,24.152,profile_L5_auto
L5,openssl,150,9,2.25,False,ags,True,True,404.0,136.0,250.0,1863.0,33.663,685.703,767.801,1212.706,17188.0,12011.0,69.88,45.835,2.082,14.725,141.033,98.734,78.0,114.0,79.487,22.175,490.52,69.833,27.39,59.056,5.0,10.743,273.035,35.704,profile_L5_auto
L5,openssl,200,9,2.25,False,ags,True,True,530.0,133.0,385.0,2487.0,25.094,736.263,768.199,1332.35,17662.0,12569.0,71.164,35.324,2.574,15.927,28.773,99.857,83.0,168.0,68.675,227.202,491.098,192.737,28.781,49.607,19.0,10.993,307.45,45.193,profile_L5_auto
