suite,backend,vehicles,rsus,area_km2,signed_beacons,consensus,handshake_attempts,handshakes_ok,handshakes_failed,handshake_retx,handshake_success_pct,hs_mean_ms,hs_p50_ms,hs_p95_ms,beacon_tx,beacon_rx,beacon_pdr_pct,beacon_coverage_pct,beacon_p50_ms,beacon_p95_ms,beacon_p99_ms,beacon_within_100ms_pct,events_sent,events_no_session,alert_origin_pct,alert_p50_ms,alert_p95_ms,alert_others_p50_ms,commit_p50_ms,commit_p95_ms,links_lost,mean_session_s,airtime_pct,tx_mbytes,profile
CLASSIC,openssl,50,9,2.25,False,ags,67.0,67.0,0,0,100.0,9.554,7.691,22.705,12437.0,9657.0,77.647,99.496,0.437,0.764,0.927,100.0,55.0,0,67.273,5.487,6.49,5.421,11.276,12.809,8.0,11.161,21.588,2.943,profile_CLASSIC_auto
CLASSIC,openssl,100,9,2.25,False,ags,121.0,121.0,0,4.0,100.0,17.356,10.307,41.566,24980.0,19818.0,79.335,99.92,0.437,0.857,1.31,100.0,122.0,0,63.934,5.493,9.573,5.493,11.61,14.198,0,11.959,41.546,5.693,profile_CLASSIC_auto
CLASSIC,openssl,150,9,2.25,False,ags,211.0,211.0,0,16.0,100.0,19.999,11.284,44.895,37437.0,28352.0,75.733,99.832,0.44,1.122,1.791,100.0,182.0,0,66.484,5.498,8.159,5.539,11.647,13.695,2.0,10.92,61.662,8.428,profile_CLASSIC_auto
CLASSIC,openssl,200,9,2.25,False,ags,251.0,251.0,0,39.0,100.0,18.924,13.221,49.556,49953.0,37008.0,74.086,99.906,0.442,1.237,1.976,100.0,261.0,0,63.218,5.776,11.916,5.709,11.669,15.086,0,11.601,81.427,11.188,profile_CLASSIC_auto
L1,pure+openssl,50,9,2.25,False,ags,78.0,77.0,1.0,151.0,98.718,107.146,82.647,257.596,12367.0,9543.0,77.165,98.936,0.447,1.177,3.18,100.0,61.0,0,60.656,5.517,9.437,5.517,17.423,23.15,3.0,9.846,37.802,5.746,profile_L1_auto
L1,pure+openssl,100,9,2.25,False,ags,538.0,154.0,365.0,2127.0,28.625,644.232,677.672,1260.504,17408.0,11233.0,64.528,69.632,1.797,11.504,39.996,99.546,82.0,35.0,79.268,187.889,489.301,225.852,20.567,42.161,15.0,8.879,251.431,27.22,profile_L1_auto
L1,pure+openssl,150,9,2.25,False,ags,927.0,97.0,779.0,3715.0,10.464,966.922,985.991,1422.883,17178.0,11777.0,68.559,45.808,3.334,18.186,37.819,99.72,97.0,117.0,64.948,416.95,502.402,441.678,22.796,42.199,21.0,13.131,333.771,42.805,profile_L1_auto
L1,pure+openssl,200,9,2.25,False,ags,1227.0,93.0,1096.0,4874.0,7.579,1023.823,1052.359,1426.39,16364.0,11702.0,71.511,32.728,4.74,27.635,269.902,98.59,86.0,177.0,54.651,470.171,570.413,466.815,25.143,80.155,44.0,12.555,370.355,54.124,profile_L1_auto
L3,openssl,50,9,2.25,False,ags,156.0,129.0,27.0,502.0,82.692,279.441,162.873,935.919,11689.0,8681.0,74.266,93.512,0.439,3.214,7.201,99.942,60.0,2.0,66.667,5.526,109.314,5.85,20.088,33.931,8.0,7.298,92.785,11.658,profile_L3_auto
L3,openssl,100,9,2.25,False,ags,620.0,92.0,499.0,2526.0,14.839,737.767,747.174,1333.013,13900.0,9388.0,67.54,55.6,2.224,13.976,32.595,99.361,63.0,57.0,69.841,337.002,494.786,292.786,22.578,47.965,10.0,11.694,293.264,37.286,profile_L3_auto
L3,openssl,150,9,2.25,False,ags,1026.0,65.0,929.0,4003.0,6.335,952.668,1014.432,1290.159,13097.0,9319.0,71.154,34.925,4.297,22.995,46.099,99.635,67.0,132.0,61.194,480.512,518.381,446.331,25.452,50.609,23.0,14.365,363.764,55.872,profile_L3_auto
L3,openssl,200,9,2.25,False,ags,1415.0,69.0,1304.0,5418.0,4.876,1045.661,1037.547,1441.001,12048.0,8853.0,73.481,24.096,6.189,31.495,54.259,99.492,63.0,185.0,39.683,475.773,513.457,466.539,25.489,57.29,39.0,12.221,399.739,74.449,profile_L3_auto
DECK,openssl,50,9,2.25,False,ags,119.0,102.0,17.0,450.0,85.714,280.356,131.211,975.538,11813.0,8795.0,74.452,94.504,0.439,2.619,6.318,99.966,64.0,5.0,60.938,5.498,14.893,5.584,21.237,24.41,6.0,8.674,77.983,11.1,profile_DECK_auto
DECK,openssl,100,9,2.25,False,ags,671.0,73.0,571.0,2607.0,10.879,864.694,940.526,1405.106,12427.0,8442.0,67.933,49.708,2.69,15.511,34.657,99.799,58.0,62.0,58.621,391.526,509.568,382.696,25.604,46.782,9.0,12.302,320.032,41.239,profile_DECK_auto
DECK,openssl,150,9,2.25,False,ags,1057.0,53.0,964.0,4056.0,5.014,965.386,1018.389,1344.915,11697.0,8718.0,74.532,31.192,4.741,23.63,43.261,99.839,61.0,138.0,63.934,427.924,513.529,450.279,28.885,62.123,30.0,14.658,372.305,57.624,profile_DECK_auto
DECK,openssl,200,9,2.25,False,ags,1508.0,57.0,1384.0,5625.0,3.78,1051.147,1071.05,1301.627,11301.0,8110.0,71.764,22.602,6.398,32.681,54.852,99.926,59.0,193.0,54.237,477.135,521.283,467.632,33.601,68.354,51.0,12.517,397.699,78.103,profile_DECK_auto
L5,openssl,50,9,2.25,False,ags,330.0,78.0,241.0,1302.0,23.636,652.066,650.911,1225.044,8266.0,5697.0,68.921,66.128,1.188,8.553,55.177,99.315,42.0,15.0,64.286,10.381,437.32,26.987,25.678,45.901,0,8.8,223.426,25.631,profile_L5_auto
L5,openssl,100,9,2.25,False,ags,840.0,30.0,776.0,3217.0,3.571,1005.678,1000.186,1387.631,9232.0,6596.0,71.447,36.928,4.048,19.636,35.782,99.788,40.0,73.0,52.5,435.857,522.06,408.526,31.247,70.274,10.0,15.733,362.705,53.009,profile_L5_auto
L5,openssl,150,9,2.25,False,ags,1343.0,38.0,1258.0,5057.0,2.829,1014.839,1070.293,1305.436,7527.0,5443.0,72.313,20.072,5.707,30.355,60.578,99.32,51.0,163.0,62.745,386.575,504.663,454.397,34.402,99.076,23.0,13.239,399.3,84.765,profile_L5_auto
L5,openssl,200,9,2.25,False,ags,1766.0,42.0,1675.0,6636.0,2.378,1104.17,1122.346,1418.973,7740.0,5408.0,69.871,15.48,8.538,45.592,103.286,98.964,45.0,229.0,57.778,473.082,579.143,480.781,40.154,125.398,21.0,12.92,427.115,109.032,profile_L5_auto
