suite,backend,vehicles,rsus,area_km2,signed_beacons,consensus,edca,backoff,handshake_attempts,handshakes_ok,handshakes_failed,handshake_retx,handshake_success_pct,hs_mean_ms,hs_p50_ms,hs_p95_ms,beacon_tx,beacon_rx,beacon_pdr_pct,beacon_coverage_pct,beacon_p50_ms,beacon_p95_ms,beacon_p99_ms,beacon_within_100ms_pct,events_sent,events_no_session,alert_origin_pct,alert_p50_ms,alert_p95_ms,alert_others_p50_ms,commit_p50_ms,commit_p95_ms,links_lost,mean_session_s,airtime_pct,tx_mbytes,profile,seed
CLASSIC,openssl,50,9,2.25,False,ags,True,True,48.0,48.0,0,3.0,100.0,12.664,6.552,22.851,12496.0,10056.0,80.474,99.968,0.387,0.669,0.818,100.0,69.0,0,55.072,5.048,6.221,5.411,11.084,12.614,0,13.064,21.619,2.984,profile_CLASSIC_auto,2
CLASSIC,openssl,100,9,2.25,False,ags,True,True,131.0,131.0,0,7.0,100.0,12.825,7.243,37.206,24987.0,19623.0,78.533,99.948,0.387,0.78,1.145,100.0,131.0,0,72.519,5.411,7.247,5.416,11.518,13.281,0,11.653,41.687,5.731,profile_CLASSIC_auto,2
CLASSIC,openssl,150,9,2.25,False,ags,True,True,190.0,190.0,0,16.0,100.0,15.787,10.302,36.557,37473.0,28974.0,77.32,99.928,0.388,0.889,1.364,100.0,189.0,0,66.667,5.449,7.536,5.482,11.316,13.256,0,11.704,61.431,8.43,profile_CLASSIC_auto,2
CLASSIC,openssl,200,9,2.25,False,ags,True,True,267.0,267.0,0,39.0,100.0,18.893,10.986,45.854,49952.0,37421.0,74.914,99.904,0.39,1.154,2.21,100.0,254.0,0,64.961,5.825,9.862,5.763,11.589,14.254,0,11.188,81.71,11.173,profile_CLASSIC_auto,2
L1,pure+openssl,50,9,2.25,False,ags,True,True,65.0,65.0,0,119.0,100.0,79.013,68.098,135.897,12448.0,9872.0,79.306,99.584,0.396,0.849,2.994,100.0,70.0,0,78.571,5.43,7.565,5.423,17.649,21.973,0,10.723,32.741,5.492,profile_L1_auto,2
L1,pure+openssl,100,9,2.25,False,ags,True,True,183.0,175.0,7.0,551.0,95.628,205.479,110.036,763.604,23432.0,17322.0,73.925,93.728,0.4,2.886,7.023,99.988,134.0,6.0,76.866,5.681,20.366,5.866,17.862,24.046,0,10.479,92.298,12.897,profile_L1_auto,2
L1,pure+openssl,150,9,2.25,False,ags,True,True,450.0,252.0,179.0,1711.0,56.0,575.663,519.513,1174.38,26482.0,16635.0,62.816,70.619,1.656,10.067,29.241,99.808,139.0,56.0,76.978,118.994,471.509,118.491,20.667,69.263,21.0,8.836,242.106,24.129,profile_L1_auto,2
L1,pure+openssl,200,9,2.25,False,ags,True,True,608.0,216.0,359.0,2569.0,35.526,680.828,688.867,1314.037,24456.0,15866.0,64.876,48.912,2.28,13.115,37.601,99.628,99.0,148.0,71.717,260.015,489.824,240.583,21.093,40.726,47.0,9.548,292.257,32.08,profile_L1_auto,2
L3,openssl,50,9,2.25,False,ags,True,True,74.0,74.0,0,201.0,100.0,127.374,92.691,279.163,12144.0,9614.0,79.167,97.152,0.388,1.258,3.406,100.0,63.0,3.0,71.429,5.41,13.525,5.415,19.703,27.722,0,11.412,40.833,7.01,profile_L3_auto,2
L3,openssl,100,9,2.25,False,ags,True,True,238.0,187.0,48.0,801.0,78.571,340.602,193.406,1033.934,20426.0,14560.0,71.282,81.704,0.395,5.095,14.207,99.904,104.0,26.0,68.269,6.83,316.761,7.024,20.963,32.606,6.0,9.533,142.806,17.711,profile_L3_auto,2
L3,openssl,150,9,2.25,False,ags,True,True,458.0,154.0,274.0,1964.0,33.624,679.196,735.133,1200.23,17971.0,11932.0,66.396,47.923,2.201,12.835,33.572,99.581,99.0,97.0,77.778,171.125,469.564,185.015,23.601,41.416,16.0,9.45,277.38,31.293,profile_L3_auto,2
L3,openssl,200,9,2.25,False,ags,True,True,614.0,136.0,451.0,2605.0,22.15,784.214,906.11,1277.414,16337.0,11237.0,68.783,32.674,2.77,15.447,37.514,99.413,77.0,162.0,57.143,348.238,507.909,329.602,24.056,53.775,27.0,10.028,311.157,40.079,profile_L3_auto,2
DECK,openssl,50,9,2.25,False,ags,True,True,74.0,74.0,0,174.0,100.0,138.612,114.497,320.37,12231.0,9553.0,78.105,97.848,0.389,1.576,4.07,100.0,71.0,1.0,66.197,5.454,11.526,5.455,20.972,24.53,1.0,10.921,42.919,7.077,profile_DECK_auto,2
DECK,openssl,100,9,2.25,False,ags,True,True,292.0,212.0,70.0,998.0,72.603,457.193,366.055,1087.525,19531.0,12873.0,65.911,78.124,0.914,7.217,21.813,99.852,125.0,21.0,83.2,8.96,394.396,9.882,23.224,33.037,3.0,8.011,193.57,20.234,profile_DECK_auto,2
DECK,openssl,150,9,2.25,False,ags,True,True,432.0,201.0,214.0,1822.0,46.528,642.459,642.535,1183.073,20444.0,13215.0,64.64,54.517,1.871,11.297,27.673,99.735,111.0,80.0,76.577,38.892,476.513,89.017,23.889,62.889,13.0,8.949,264.348,30.19,profile_DECK_auto,2
DECK,openssl,200,9,2.25,False,ags,True,True,608.0,142.0,449.0,2611.0,23.355,802.032,854.668,1328.617,16012.0,11190.0,69.885,32.024,2.866,16.093,31.804,99.812,67.0,162.0,67.164,291.724,543.892,302.381,25.833,118.372,24.0,9.325,316.311,40.1,profile_DECK_auto,2
L5,openssl,50,9,2.25,False,ags,True,True,90.0,89.0,1.0,219.0,98.889,206.639,151.687,556.151,11980.0,9178.0,76.611,95.84,0.392,2.386,5.119,100.0,60.0,2.0,75.0,5.478,8.523,5.74,25.044,28.45,1.0,9.896,60.537,8.862,profile_L5_auto,2
L5,openssl,100,9,2.25,False,ags,True,True,303.0,143.0,152.0,1261.0,47.195,646.99,611.737,1257.572,15293.0,10135.0,66.272,61.172,1.631,10.278,27.877,99.813,82.0,44.0,78.049,13.652,477.018,27.743,26.898,46.037,9.0,9.129,240.434,26.198,profile_L5_auto,2
L5,openssl,150,9,2.25,False,ags,True,True,448.0,112.0,321.0,2066.0,25.0,795.518,880.184,1246.381,13572.0,9346.0,68.862,36.192,2.61,18.823,170.179,98.791,81.0,126.0,67.901,233.371,492.585,204.099,27.888,61.815,12.0,9.759,296.781,37.145,profile_L5_auto,2
L5,openssl,200,9,2.25,False,ags,True,True,599.0,107.0,468.0,2603.0,17.863,730.967,820.602,1209.769,14388.0,10072.0,70.003,28.776,3.092,17.951,50.373,99.375,67.0,178.0,73.134,171.536,493.597,252.756,29.174,60.856,13.0,10.809,324.284,46.855,profile_L5_auto,2
CLASSIC,openssl,50,9,2.25,False,ags,True,True,60.0,60.0,0,0,100.0,7.2,5.144,18.17,12499.0,10099.0,80.798,99.992,0.387,0.741,0.846,100.0,62.0,0,64.516,4.921,5.769,5.396,11.018,13.251,0,12.206,21.592,2.966,profile_CLASSIC_auto,3
CLASSIC,openssl,100,9,2.25,False,ags,True,True,102.0,102.0,0,9.0,100.0,22.456,9.376,55.607,24974.0,20012.0,80.131,99.896,0.388,0.841,1.299,100.0,129.0,0,67.442,5.416,7.462,5.415,11.42,13.099,0,13.116,41.266,5.692,profile_CLASSIC_auto,3
CLASSIC,openssl,150,9,2.25,False,ags,True,True,143.0,143.0,0,8.0,100.0,14.206,9.915,36.794,37476.0,29101.0,77.652,99.936,0.39,1.102,1.665,100.0,186.0,0,73.656,5.485,7.719,5.446,11.368,13.697,0,13.115,60.146,8.372,profile_CLASSIC_auto,3
CLASSIC,openssl,200,9,2.25,False,ags,True,True,198.0,198.0,0,48.0,100.0,22.249,14.088,52.327,49945.0,37679.0,75.441,99.89,0.393,1.215,1.885,100.0,229.0,0,72.052,5.787,9.749,5.68,11.527,14.476,0,12.587,79.794,10.995,profile_CLASSIC_auto,3
L1,pure+openssl,50,9,2.25,False,ags,True,True,63.0,63.0,0,87.0,100.0,82.732,71.936,162.03,12452.0,9934.0,79.778,99.616,0.397,0.829,2.455,100.0,74.0,0,72.973,5.438,9.88,5.464,18.122,22.805,0,11.195,32.606,5.237,profile_L1_auto,3
L1,pure+openssl,100,9,2.25,False,ags,True,True,203.0,187.0,13.0,601.0,92.118,259.735,147.261,821.203,23355.0,17277.0,73.976,93.42,0.406,3.838,9.337,99.988,119.0,9.0,84.034,7.016,180.983,6.488,18.675,24.858,2.0,9.509,103.846,13.021,profile_L1_auto,3
L1,pure+openssl,150,9,2.25,False,ags,True,True,433.0,255.0,155.0,1622.0,58.891,514.123,392.455,1198.221,26792.0,17975.0,67.091,71.445,1.553,9.084,23.001,99.922,137.0,56.0,81.752,20.957,438.993,23.163,20.278,45.911,15.0,8.823,226.516,23.861,profile_L1_auto,3
L1,pure+openssl,200,9,2.25,False,ags,True,True,592.0,242.0,329.0,2434.0,40.878,659.519,674.118,1266.412,27621.0,18338.0,66.392,55.242,2.152,12.051,24.646,99.651,132.0,130.0,68.939,144.802,480.933,164.628,20.833,49.407,28.0,9.669,281.876,31.9,profile_L1_auto,3
L3,openssl,50,9,2.25,False,ags,True,True,76.0,74.0,0,194.0,97.368,118.133,90.057,284.287,12294.0,9781.0,79.559,98.352,0.388,1.451,3.299,100.0,66.0,1.0,71.212,5.239,22.45,5.418,19.786,28.356,0,10.376,41.729,7.167,profile_L3_auto,3
L3,openssl,100,9,2.25,False,ags,True,True,240.0,194.0,36.0,761.0,80.833,324.474,195.485,982.536,21746.0,15672.0,72.068,86.984,0.424,5.23,12.315,99.943,117.0,16.0,78.632,8.878,396.585,7.722,20.886,34.673,9.0,9.483,144.293,17.741,profile_L3_auto,3
L3,openssl,150,9,2.25,False,ags,True,True,427.0,177.0,227.0,1797.0,41.452,644.261,631.296,1308.96,21858.0,14775.0,67.595,58.288,1.951,11.55,26.51,99.817,110.0,81.0,82.727,20.9,491.385,74.548,22.88,42.978,10.0,10.216,258.616,30.556,profile_L3_auto,3
L3,openssl,200,9,2.25,False,ags,True,True,575.0,176.0,376.0,2531.0,30.609,678.7,731.019,1246.322,21425.0,15015.0,70.082,42.85,2.473,15.211,31.407,99.767,97.0,136.0,75.258,199.637,489.886,197.663,24.099,43.103,13.0,10.396,296.814,38.897,profile_L3_auto,3
DECK,openssl,50,9,2.25,False,ags,True,True,59.0,58.0,0,160.0,98.305,99.842,89.981,199.227,12382.0,9887.0,79.85,99.056,0.389,1.386,6.434,100.0,64.0,0,65.625,5.412,7.129,5.416,21.12,25.267,0,12.296,36.287,6.575,profile_DECK_auto,3
DECK,openssl,100,9,2.25,False,ags,True,True,309.0,214.0,87.0,1089.0,69.256,513.675,460.643,1155.242,19598.0,13586.0,69.323,78.392,1.179,8.896,28.749,99.912,101.0,34.0,76.238,11.515,430.47,13.737,23.531,43.106,5.0,7.907,202.416,21.473,profile_DECK_auto,3
DECK,openssl,150,9,2.25,False,ags,True,True,433.0,193.0,232.0,1802.0,44.573,587.529,522.569,1162.035,20324.0,14212.0,69.927,54.197,2.099,13.018,36.678,99.634,120.0,82.0,75.833,32.446,467.59,63.938,23.301,36.394,26.0,8.748,263.533,30.753,profile_DECK_auto,3
DECK,openssl,200,9,2.25,False,ags,True,True,539.0,188.0,335.0,2407.0,34.879,695.661,727.248,1218.827,22478.0,15571.0,69.272,44.956,2.368,13.84,25.884,99.827,114.0,142.0,79.825,136.632,473.709,183.062,24.353,43.023,28.0,10.401,297.895,38.328,profile_DECK_auto,3
L5,openssl,50,9,2.25,False,ags,True,True,84.0,83.0,0,204.0,98.81,197.422,156.791,393.294,12155.0,9331.0,76.767,97.24,0.392,2.361,5.255,99.989,59.0,3.0,66.102,5.419,14.886,5.537,25.027,30.577,0,10.208,57.604,8.785,profile_L5_auto,3
L5,openssl,100,9,2.25,False,ags,True,True,275.0,138.0,128.0,1152.0,50.182,577.702,527.468,1204.174,16878.0,11810.0,69.973,67.512,1.49,8.911,16.737,99.915,91.0,37.0,81.319,13.934,484.391,17.472,26.451,46.662,7.0,9.688,221.7,24.669,profile_L5_auto,3
L5,openssl,150,9,2.25,False,ags,True,True,428.0,140.0,267.0,1929.0,32.71,727.894,746.48,1241.936,17049.0,12296.0,72.122,45.464,2.422,14.459,34.329,99.691,77.0,114.0,81.818,149.741,490.944,149.741,28.019,45.645,8.0,10.074,284.309,37.022,profile_L5_auto,3
L5,openssl,200,9,2.25,False,ags,True,True,622.0,133.0,458.0,2722.0,21.383,788.44,894.677,1356.786,14263.0,10457.0,73.316,28.526,3.238,17.432,35.63,99.675,68.0,181.0,69.118,289.744,486.173,290.683,29.648,59.305,18.0,9.66,325.711,49.256,profile_L5_auto,3
