suite,backend,operation,mean_ms,sd_ms,p50_ms,p95_ms,p99_ms,n
CLASSIC,openssl,ECDH-P256 keygen,0.0212,0.0037,0.0202,0.0258,0.0393,200
CLASSIC,openssl,ECDH-P256 encaps,0.1025,0.0109,0.0989,0.1188,0.1338,200
CLASSIC,openssl,ECDH-P256 decaps,0.0834,0.011,0.0788,0.1039,0.1165,200
CLASSIC,openssl,ECDSA-P256 keygen,0.0267,0.0559,0.0202,0.035,0.0687,200
CLASSIC,openssl,ECDSA-P256 sign,0.0279,0.006,0.0257,0.0385,0.0536,200
CLASSIC,openssl,ECDSA-P256 verify,0.0921,0.0069,0.0902,0.1076,0.1147,200
L1,pure+openssl,ML-KEM-512 keygen,1.5793,0.1367,1.5479,1.6755,1.9023,40
L1,pure+openssl,ML-KEM-512 encaps,2.303,0.1706,2.272,2.5789,2.7544,40
L1,pure+openssl,ML-KEM-512 decaps,3.293,0.2081,3.2441,3.7141,3.8016,40
L1,pure+openssl,ML-DSA-44 keygen,0.1096,0.0094,0.1081,0.1332,0.1333,40
L1,pure+openssl,ML-DSA-44 sign,0.5669,0.4162,0.4841,1.2251,1.4768,40
L1,pure+openssl,ML-DSA-44 verify,0.1239,0.0231,0.1167,0.1498,0.2027,40
L3,openssl,ML-KEM-768 keygen,0.118,0.0208,0.1114,0.1425,0.1817,200
L3,openssl,ML-KEM-768 encaps,0.0437,0.0259,0.0383,0.0568,0.1037,200
L3,openssl,ML-KEM-768 decaps,0.0354,0.0168,0.0316,0.0482,0.0806,200
L3,openssl,ML-DSA-65 keygen,0.1922,0.0266,0.1847,0.2154,0.3171,200
L3,openssl,ML-DSA-65 sign,1.203,1.0606,0.8464,3.2962,4.5637,200
L3,openssl,ML-DSA-65 verify,0.1822,0.0221,0.1749,0.2068,0.234,200
DECK,openssl,ML-KEM-1024 keygen,0.1742,0.0294,0.1651,0.218,0.2857,200
DECK,openssl,ML-KEM-1024 encaps,0.0602,0.015,0.0541,0.0848,0.1423,200
DECK,openssl,ML-KEM-1024 decaps,0.0436,0.0058,0.0412,0.0575,0.0701,200
DECK,openssl,ML-DSA-65 keygen,0.1922,0.0214,0.1837,0.2329,0.2672,200
DECK,openssl,ML-DSA-65 sign,0.8871,0.7553,0.6824,2.308,3.6654,200
DECK,openssl,ML-DSA-65 verify,0.1804,0.019,0.1738,0.2015,0.2877,200
L5,openssl,ML-KEM-1024 keygen,0.1744,0.0723,0.1597,0.1981,0.3001,200
L5,openssl,ML-KEM-1024 encaps,0.0602,0.0291,0.0538,0.0818,0.1434,200
L5,openssl,ML-KEM-1024 decaps,0.0431,0.0055,0.0412,0.0609,0.0688,200
L5,openssl,ML-DSA-87 keygen,0.27,0.0588,0.2553,0.3423,0.463,200
L5,openssl,ML-DSA-87 sign,0.9824,0.5519,0.8299,2.1443,2.8377,200
L5,openssl,ML-DSA-87 verify,0.2816,0.0336,0.2735,0.3169,0.4128,200
L1,pure,ML-KEM-512 keygen,1.5164,0.1311,1.4744,1.8776,1.8929,40
L1,pure,ML-KEM-512 encaps,2.5797,0.4499,2.3628,3.4166,3.4954,40
L1,pure,ML-KEM-512 decaps,3.0991,0.1364,3.0534,3.2944,3.3998,40
L1,pure,ML-DSA-44 keygen,4.5395,0.1486,4.5101,4.9183,4.9443,40
L1,pure,ML-DSA-44 sign,28.5438,20.7478,22.1821,56.1241,97.2906,40
L1,pure,ML-DSA-44 verify,5.6778,0.4104,5.5634,6.7935,6.853,40
L3,pure,ML-KEM-768 keygen,2.9637,0.646,2.6583,4.0646,4.2829,40
L3,pure,ML-KEM-768 encaps,3.5106,0.5625,3.342,5.3887,5.4705,40
L3,pure,ML-KEM-768 decaps,5.1087,1.066,4.7045,6.8447,7.2858,40
L3,pure,ML-DSA-65 keygen,8.136,1.1426,7.7864,10.8703,11.4526,40
L3,pure,ML-DSA-65 sign,46.5359,36.2299,35.9421,103.6943,148.0713,40
L3,pure,ML-DSA-65 verify,10.075,2.7574,8.722,14.2984,14.3684,40
DECK,pure,ML-KEM-1024 keygen,4.6059,0.8331,4.3431,5.863,5.979,40
DECK,pure,ML-KEM-1024 encaps,5.4463,1.4629,4.955,7.3629,7.553,40
DECK,pure,ML-KEM-1024 decaps,7.0562,1.0683,6.5266,9.3319,9.4156,40
DECK,pure,ML-DSA-65 keygen,7.7074,0.4615,7.5213,8.6792,8.7821,40
DECK,pure,ML-DSA-65 sign,37.6965,19.266,36.964,76.6713,83.3089,40
DECK,pure,ML-DSA-65 verify,9.3962,1.3403,9.0298,12.4453,12.5499,40
L5,pure,ML-KEM-1024 keygen,4.2517,0.3664,4.1908,4.9844,5.082,40
L5,pure,ML-KEM-1024 encaps,5.1274,0.4048,5.0163,6.1292,6.1613,40
L5,pure,ML-KEM-1024 decaps,8.3256,1.2368,8.3194,10.4375,10.7751,40
L5,pure,ML-DSA-87 keygen,12.7443,1.6679,12.0876,16.263,16.7787,40
L5,pure,ML-DSA-87 sign,67.9725,47.9646,56.0661,142.1825,152.0718,40
L5,pure,ML-DSA-87 verify,14.1382,2.0122,13.4106,19.5155,19.5975,40
